Counts of COVID-19-associated Hospitalizations by Age from the COVID-NET Network (data downloaded on 6/26/2020)Centers for Disease Control and Prevention
YEAR,WEEK_NUMBER,0-4 YR,5-17 YR,18-49 YR,50-64 YR,65+ YR
2020,2020-10,0,0,11,5,24
2020,2020-11,0,0,54,78,89
2020,2020-12,0,5,267,291,410
2020,2020-13,7,5,638,801,1054
2020,2020-14,11,11,648,1006,1410
2020,2020-15,10,7,625,913,1426
2020,2020-16,12,7,748,941,1543
2020,2020-17,9,15,802,820,1496
2020,2020-18,11,19,765,830,1383
2020,2020-19,10,19,739,766,1099
2020,2020-20,15,17,713,688,1021
2020,2020-21,17,25,710,645,940
2020,2020-22,13,26,618,495,750
2020,2020-23,15,18,476,392,545
2020,2020-24,16,14,415,314,379
2020,2020-25,10,9,284,225,289
2020,2020-26,0,0,0,0,0

"The Coronavirus Disease 2019 (COVID-19)-Associated Hospitalization Surveillance Network (COVID-NET) hospitalization data are preliminary and subject to change as more data become available. In particular, case counts for recent hospital admissions are subject to lag. As data are received each week, prior case counts are updated accordingly."
"COVID-NET conducts population-based surveillance for laboratory-confirmed COVID-19-associated hospitalizations in children (less than 18 years of age) and adults. COVID-NET covers nearly 100 counties in the 10 Emerging Infections Program (EIP) states (CA, CO, CT, GA, MD, MN, NM, NY, OR, TN) and four Influenza Hospitalization Surveillance Project (IHSP) states (IA, MI, OH, and UT). "
""
